Ad group,Keyword,Currency,Avg. Monthly Searches (exact match only),Searches: Oct 2013,Searches: Nov 2013,Searches: Dec 2013,Searches: Jan 2014,Searches: Feb 2014,Searches: Mar 2014,Searches: Apr 2014,Searches: May 2014,Searches: Jun 2014,Searches: Jul 2014,Searches: Aug 2014,Searches: Sep 2014,Competition,Suggested bid
Sports Tickets,sports tickets,USD,5400,8100,6600,6600,5400,4400,6600,5400,5400,4400,4400,5400,6600,0.83,3.51
Sports Tickets,sports tickets for sale,USD,320,590,390,390,480,320,260,590,170,90,70,90,170,0.87,2.14
Sports Tickets,sports tickets websites,USD,260,260,140,90,210,210,590,210,70,90,320,390,260,0.79,2.52
Sports Tickets,buy sports tickets,USD,390,480,390,390,320,320,480,390,320,260,390,390,390,0.7,2.28
Sports Tickets,sports tickets online,USD,390,720,590,720,320,170,140,210,390,390,390,480,590,0.77,2.51
Sports Tickets,sporting tickets,USD,390,480,480,480,320,260,390,390,320,320,480,390,590,0.63,2.64
Sports Tickets,buy sports tickets online,USD,210,320,260,210,210,170,210,170,140,110,140,170,260,0.76,1.79
Sports Tickets,sport tickets for sale,USD,50,40,40,20,20,20,10,50,50,70,70,140,20,0.72,1.52
Sports Tickets,buying sports tickets,USD,30,40,40,30,20,10,50,50,30,20,40,50,30,0.57,2.47
Sports Tickets,sporting event tickets,USD,590,720,720,720,590,480,720,590,480,390,480,480,590,0.81,2.49
Sports Tickets,tickets for sports,USD,50,90,50,30,90,20,50,50,50,40,40,50,20,0.79,2.85
Sports Tickets,tickets sport,USD,140,170,140,170,140,110,110,110,110,110,110,110,210,0.13,0.85
Sports Tickets,sports ticket sales,USD,70,90,50,50,70,70,90,50,70,50,50,40,50,0.57,1.67
Sports Tickets,tickets for sporting events,USD,140,210,210,210,170,90,170,90,70,110,110,140,170,0.81,3.77
Sports Tickets,buy sport tickets,USD,40,40,40,30,20,20,40,30,40,40,30,40,40,0.69,4.09
Sports Tickets,online sports tickets,USD,90,170,140,70,70,70,90,110,70,70,70,90,90,0.76,2.19
Sell Tickets,sell tickets,USD,5400,5400,5400,4400,4400,4400,5400,5400,6600,6600,5400,5400,5400,0.76,4.15
Sell Tickets,sell tickets online,USD,3600,3600,3600,2900,2900,3600,4400,3600,4400,4400,4400,3600,3600,0.87,10.57
Sell Tickets,selling tickets,USD,1000,1300,1000,880,1000,1000,1300,1000,1300,1300,1000,1000,1000,0.69,4.37
Sell Tickets,sell my tickets,USD,720,720,720,590,480,480,590,590,880,720,720,720,720,0.82,2.42
Sell Tickets,buy and sell tickets,USD,480,590,480,480,480,480,480,390,480,390,480,480,390,0.72,2.87
Sell Tickets,selling tickets online,USD,720,590,720,590,590,720,880,720,880,880,880,720,880,0.9,5.77
Sell Tickets,how to sell tickets,USD,480,480,390,320,320,390,480,480,480,480,480,480,480,0.7,2.91
Sell Tickets,how to sell tickets online,USD,480,590,390,390,480,480,480,590,590,480,590,590,590,0.88,7.99
Sell Tickets,sell concert tickets online,USD,720,590,720,720,720,880,720,880,1000,1000,1300,390,260,0.73,4.55
Sell Tickets,sell gig tickets,USD,390,590,720,260,390,480,480,320,480,390,260,210,320,0.55,1.97
Sell Tickets,buy sell tickets,USD,210,210,210,170,170,170,210,210,170,170,170,210,210,0.62,2.96
Sell Tickets,where to sell tickets,USD,260,210,260,210,260,170,260,260,320,320,320,320,260,0.68,3.3
Sell Tickets,sell your tickets,USD,390,390,320,320,260,320,320,390,480,480,390,390,390,0.86,4.47
Sell Tickets,sell ticket,USD,210,260,210,170,140,170,170,210,210,210,260,170,170,0.58,4.17
Sell Tickets,buy and sell tickets online,USD,90,110,70,110,90,90,90,70,70,70,50,70,90,0.77,3.85
Buy Tickets,buy tickets online,USD,5400,4400,4400,5400,5400,5400,5400,4400,5400,3600,5400,3600,5400,0.76,2.24
Buy Tickets,where to buy tickets,USD,480,480,590,480,480,480,480,480,480,390,480,590,480,0.51,2.41
Buy Tickets,buy music tickets,USD,40,40,50,40,30,40,40,40,30,30,30,40,30,0.66,0.82
Buy Tickets,tickets buy,USD,90,70,110,70,90,110,90,90,70,90,90,110,110,0.42,0.72
Buy Tickets,buy tickets now,USD,210,210,260,210,210,210,260,260,210,210,170,210,260,0.39,0.94
Lakers Tickets,la lakers tickets,USD,2400,3600,3600,4400,3600,2900,2900,1900,1000,880,1300,2900,2900,0.56,2.08
Lakers Tickets,lakers tickets,USD,12100,18100,27100,27100,14800,12100,12100,6600,1900,1600,3600,8100,9900,0.67,1.77
Lakers Tickets,laker tickets,USD,5400,8100,12100,18100,6600,6600,5400,2900,720,720,1300,2900,3600,0.61,1.34
Lakers Tickets,cheap laker tickets,USD,480,720,1000,1300,590,480,390,210,10,10,40,170,210,0.92,1.64
Lakers Tickets,laker tickets for sale,USD,90,50,70,170,320,260,40,10,40,30,90,20,20,0.87,2.11
Football Tickets,football tickets for sale,USD,880,1000,1300,1300,480,880,590,480,720,390,720,1600,320,0.89,1.23
Football Tickets,football tickets,USD,12100,18100,14800,14800,12100,9900,12100,12100,8100,5400,8100,18100,22200,0.81,3.48
Football Tickets,buy football tickets,USD,880,1300,1000,1000,1000,880,880,1000,480,320,590,1300,1300,0.81,1.64
Football Tickets,football tickets online,USD,390,480,480,880,880,590,110,170,90,50,90,210,320,0.76,1.51
Football Tickets,buying football tickets,USD,70,90,70,50,70,70,70,70,30,40,30,140,110,0.76,2.37
Football Tickets,football game tickets,USD,320,590,390,390,260,140,140,170,170,110,170,480,720,0.65,2.51
Football Tickets,chelsea football tickets,USD,1900,1900,2400,2900,2400,1900,1900,1900,720,720,1600,2900,3600,0.86,1.17
Football Tickets,arsenal football tickets,USD,1300,1900,1900,1900,1600,1000,1000,880,480,390,880,1600,1600,0.75,1.13
Cheap Tickets,cheap basketball tickets,USD,590,720,1000,1300,1000,880,880,480,260,50,50,170,210,0.85,1.36
Cheap Tickets,cheap baseball tickets,USD,1000,390,90,90,210,390,1300,2400,1900,1900,1900,1600,1000,0.91,1.92
Cheap Tickets,cheap game tickets,USD,320,480,390,320,170,140,210,320,260,170,210,320,480,0.76,1.15
Cheap Tickets,cheap football tickets,USD,2400,4400,3600,2400,1600,1000,1000,1000,720,590,1600,3600,5400,0.92,3.72
Cheap Tickets,cheap sporting event tickets,USD,110,170,140,140,110,90,140,140,90,90,140,140,110,0.93,2.09
Cheap Tickets,cheap tickets basketball,USD,70,70,170,110,110,90,90,70,10,10,10,20,20,0.84,1.57
Angels Tickets,angels tickets,USD,12100,480,480,1300,880,3600,9900,18100,18100,18100,33100,27100,18100,0.77,3.13
Angels Tickets,angel tickets,USD,3600,170,110,320,260,1000,3600,6600,5400,5400,6600,6600,3600,0.75,1.52
Angels Tickets,los angeles dodgers tickets,USD,2400,2400,210,390,720,880,1900,3600,2900,3600,2900,3600,3600,0.73,2.38
Angels Tickets,la angels tickets,USD,880,90,70,90,140,390,720,1300,1300,1600,2400,2400,1000,0.73,4.21
Angels Tickets,angels baseball tickets,USD,2400,110,140,390,480,1000,3600,4400,4400,3600,5400,4400,3600,0.62,2.2
Bowl Tickets,rose bowl tickets,USD,8100,1900,8100,74000,5400,590,880,880,590,480,1900,1000,1300,0.77,3.58
Bowl Tickets,gator bowl tickets,USD,1300,90,720,12100,390,20,20,10,10,10,10,20,70,0.56,0.92
Bowl Tickets,outback bowl tickets,USD,1000,90,590,9900,480,20,20,20,10,20,20,40,90,0.47,0.97
Bowl Tickets,pro bowl tickets,USD,1300,390,720,2400,9900,170,40,480,90,90,110,210,320,0.69,2.96
Bowl Tickets,cotton bowl tickets,USD,1900,880,1300,14800,2900,390,590,320,140,320,720,480,880,0.66,1.44
Bowl Tickets,fiesta bowl tickets,USD,1600,390,1600,14800,1300,50,50,50,40,20,70,110,170,0.58,3.41
Bowl Tickets,orange bowl tickets,USD,2400,320,1000,22200,3600,110,140,110,70,70,90,140,170,0.53,2.68
Tickets,ticket exchange,USD,27100,40500,40500,40500,33100,14800,18100,22200,18100,12100,18100,27100,33100,0.37,0.88
Tickets,ticket resale,USD,2400,1600,1900,1600,1900,1900,2400,2400,2400,2400,2400,2400,2900,0.7,1.09
Tickets,shakira tickets,USD,260,170,170,140,140,210,480,390,320,260,320,260,170,0.19,0.9
Tickets,uk tickets,USD,1300,1600,1900,1600,1900,1600,1600,1300,1000,880,880,1000,1000,0.41,1.77
Tickets,vip tickets,USD,6600,8100,8100,8100,6600,6600,6600,8100,6600,6600,6600,6600,6600,0.28,0.44
Tickets,la kings tickets,USD,8100,8100,8100,9900,9900,4400,6600,6600,14800,14800,1600,2400,5400,0.81,4.33
Tickets,clippers tickets,USD,9900,6600,12100,12100,9900,12100,12100,18100,14800,1600,2400,4400,2900,0.76,4.34
Tickets,example tickets,USD,720,390,390,390,480,720,320,210,320,320,590,2900,1300,0.47,0.91
Tickets,dodger tickets,USD,33100,40500,1600,3600,4400,6600,22200,60500,49500,49500,40500,49500,49500,0.71,2.53
Tickets,dodgers tickets,USD,22200,33100,1600,2900,5400,5400,14800,40500,33100,40500,33100,33100,40500,0.72,2.19
Tickets,kesha tickets,USD,390,480,720,1000,720,390,390,210,170,210,210,170,170,0.15,0.97
Tickets,duran duran tickets,USD,90,90,110,90,50,70,70,70,70,90,110,170,210,0.31,1.36
Tickets,gorillaz tickets,USD,70,70,90,70,70,70,50,50,90,70,70,70,70,0.11,0.1
Tickets,kings tickets,USD,5400,5400,8100,9900,6600,4400,5400,4400,8100,8100,480,880,2400,0.75,3.26
Tickets,jason derulo tickets,USD,3600,5400,3600,4400,4400,4400,5400,4400,2400,1600,1000,1600,1000,0.47,1.1
Tickets,go tickets,USD,1000,1300,1000,1000,1000,880,1000,1000,1000,1000,1000,1300,1300,0.19,0.44
Tickets,sade tickets,USD,110,90,110,110,110,110,90,90,110,90,70,140,140,0.08,0.45
Tickets,resell tickets,USD,720,720,590,590,590,590,880,720,880,880,880,880,1000,0.65,3.2
Tickets,basketball tickets,USD,1900,2400,2900,3600,2900,2400,2400,1600,1300,880,720,1000,1600,0.5,1.13
Tickets,vivid tickets,USD,12100,8100,8100,12100,9900,9900,12100,14800,14800,12100,9900,12100,12100,0.16,0.13
Tickets,baseball tickets for sale,USD,140,140,40,50,50,40,90,320,320,210,90,170,40,0.91,1.64
Tickets,wembley tickets,USD,3600,4400,2400,880,2900,2900,8100,2900,8100,1000,1300,1900,2900,0.29,0.59
Tickets,la galaxy tickets,USD,3600,2900,1600,880,1600,2900,3600,3600,2900,4400,12100,5400,4400,0.44,2.78
Tickets,black eyed peas tickets,USD,50,40,50,70,70,50,50,40,50,50,50,50,50,0.16,0.38
Tickets,us open tennis tickets,USD,8100,260,320,390,720,590,1300,2900,4400,14800,14800,40500,22200,0.87,9.42
Tickets,seattle mariners tickets,USD,9900,390,590,1300,1900,2900,6600,18100,18100,18100,18100,18100,9900,0.63,3.11
Tickets,arsenal tickets,USD,40500,49500,40500,49500,60500,40500,40500,27100,12100,9900,27100,40500,40500,0.74,1.26
Tickets,marlins tickets,USD,5400,320,210,390,390,720,3600,9900,14800,14800,9900,9900,6600,0.63,2.07
Tickets,us open tickets,USD,22200,880,1000,1900,2900,1900,3600,6600,8100,27100,22200,135000,49500,0.91,8.23
Tickets,buffalo bills tickets,USD,8100,12100,8100,4400,590,590,880,2900,2400,4400,8100,18100,27100,0.83,6.44
Tickets,mariners tickets,USD,18100,720,720,2400,1600,2900,9900,40500,33100,40500,40500,40500,27100,0.59,2.44
Tickets,dallas cowboys tickets,USD,27100,49500,33100,33100,3600,2400,3600,14800,18100,14800,22200,49500,74000,0.84,6.9
Tickets,washington nationals tickets,USD,9900,390,720,1300,1300,2900,8100,22200,14800,14800,18100,18100,12100,0.77,3.41
Tickets,detroit tigers tickets,USD,18100,18100,1000,2400,2900,5400,14800,33100,33100,33100,33100,27100,22200,0.72,2.64
Tickets,yankees tickets,USD,33100,2900,2900,6600,5400,22200,22200,49500,49500,49500,60500,49500,49500,0.8,8.42
Tickets,detroit lions tickets,USD,9900,22200,18100,12100,1000,880,880,2900,2900,3600,9900,22200,33100,0.76,7.04
Tickets,mets tickets,USD,14800,880,1900,3600,1900,4400,14800,33100,33100,27100,27100,27100,12100,0.67,1.78
Tickets,twickenham tickets,USD,2900,3600,6600,3600,3600,2900,2900,3600,6600,1300,880,1600,1900,0.54,1.93
Tickets,tickets on sale,USD,590,480,590,480,590,590,720,590,590,590,590,480,590,0.65,2.14
Tickets,wembley stadium tickets,USD,1300,1900,1300,590,1300,880,2900,1300,2900,720,720,880,880,0.41,0.91
Tickets,san francisco giants tickets,USD,8100,880,1000,1900,1900,2900,6600,18100,14800,14800,12100,8100,6600,0.76,3.39
Tickets,ny yankees tickets,USD,4400,480,480,880,720,2900,2900,6600,6600,6600,8100,8100,6600,0.77,8.5
Tickets,cubs tickets,USD,22200,1000,1600,2400,2900,5400,18100,40500,40500,49500,49500,40500,18100,0.69,2.77
Tickets,chicago bears tickets,USD,9900,18100,12100,9900,1000,880,1300,4400,4400,5400,14800,22200,27100,0.83,9.25
Tickets,masters tickets,USD,8100,1900,1900,2400,6600,6600,12100,33100,9900,6600,6600,2900,2400,0.69,1.79
Tickets,new york yankees tickets,USD,9900,2400,1900,2900,4400,9900,9900,14800,12100,14800,18100,14800,12100,0.71,5.55
Tickets,bears tickets,USD,8100,14800,12100,9900,720,590,720,1900,1900,2900,8100,14800,18100,0.77,8.43
Tickets,wwe raw tickets,USD,2900,2400,2900,2900,4400,3600,4400,2900,2900,3600,3600,2900,2900,0.78,1.03
Tickets,ace tickets,USD,27100,49500,22200,22200,18100,18100,22200,33100,22200,18100,22200,22200,22200,0.19,0.31
Tickets,chicago cubs tickets,USD,14800,1000,1300,2400,2900,5400,12100,27100,22200,27100,27100,22200,9900,0.73,3.53
Tickets,philadelphia eagles tickets,USD,5400,6600,4400,8100,2400,590,880,1900,2900,2400,4400,9900,14800,0.84,7.12
Tickets,baltimore orioles tickets,USD,8100,320,720,1900,2400,4400,9900,14800,12100,14800,14800,14800,14800,0.82,3.56
Tickets,atlanta braves tickets,USD,14800,5400,1300,2400,1900,4400,9900,33100,33100,27100,27100,18100,8100,0.76,2.72
Tickets,jets tickets,USD,5400,14800,9900,8100,1900,1300,1600,1900,1300,1300,2900,8100,18100,0.77,7.97
Tickets,world series tickets,USD,8100,90500,390,260,260,210,170,210,260,320,390,480,1900,0.5,0.67
Tickets,find tickets online,USD,90,70,70,50,90,110,110,90,110,70,50,70,90,0.69,2.22
Tickets,houston texans tickets,USD,6600,9900,12100,5400,880,720,880,1900,2900,2400,5400,12100,18100,0.82,5.89
Tickets,houston astros tickets,USD,5400,390,320,590,880,1900,6600,12100,9900,12100,9900,8100,2900,0.71,1.98
Tickets,spurs tickets,USD,22200,12100,22200,27100,22200,14800,27100,27100,49500,49500,3600,8100,12100,0.7,3.38
Tickets,miami dolphins tickets,USD,6600,9900,8100,12100,1300,880,1000,2900,2900,2900,5400,12100,14800,0.82,8.2
Tickets,chelsea fc tickets,USD,9900,9900,9900,9900,12100,12100,12100,12100,1900,1900,8100,12100,14800,0.71,1.36
Tickets,pirates tickets,USD,12100,12100,1900,2900,1600,1900,8100,18100,22200,27100,22200,22200,18100,0.68,3.07
Tickets,pittsburgh penguins tickets,USD,4400,8100,8100,8100,6600,3600,5400,5400,2900,590,1000,1600,3600,0.78,3.53
Tickets,spring training tickets,USD,1600,90,320,720,1900,4400,9900,90,50,40,20,20,50,0.16,
Tickets,capital tickets,USD,14800,14800,22200,27100,18100,18100,12100,9900,6600,5400,8100,6600,12100,0.05,2.74
Tickets,carolina panthers tickets,USD,9900,9900,18100,14800,14800,880,1000,3600,4400,3600,8100,18100,22200,0.79,6.89
Tickets,chelsea lately tickets,USD,5400,5400,5400,4400,8100,6600,6600,5400,5400,5400,5400,4400,480,0.06,1.53
Tickets,new orleans saints tickets,USD,5400,9900,9900,6600,1000,480,720,3600,2900,2900,6600,12100,12100,0.88,7.37
Tickets,tigers tickets,USD,14800,18100,1300,1300,1300,1600,8100,22200,27100,27100,27100,22200,22200,0.67,2.56
Tickets,st louis cardinals tickets,USD,14800,27100,1600,4400,3600,6600,12100,22200,22200,18100,22200,14800,12100,0.73,3.29
Tickets,new york mets tickets,USD,2400,390,390,720,720,1300,2900,4400,4400,3600,4400,3600,1900,0.64,2.36
Tickets,cowboys tickets,USD,6600,12100,9900,12100,880,590,880,3600,5400,3600,5400,12100,18100,0.7,6.7
Tickets,supercross tickets,USD,4400,720,1000,3600,18100,12100,6600,5400,1000,320,320,390,480,0.76,1.87
Tickets,blackhawks tickets,USD,18100,22200,22200,33100,18100,9900,18100,18100,27100,4400,2900,8100,12100,0.8,5.49
Tickets,rugby tickets,USD,4400,5400,6600,3600,3600,4400,3600,2400,3600,3600,2400,2900,8100,0.56,2.04
Tickets,lions tickets,USD,5400,12100,9900,8100,590,480,590,1000,1000,1000,3600,9900,18100,0.71,5.87
Tickets,knicks tickets,USD,18100,22200,33100,40500,40500,27100,22200,9900,1900,1300,2900,9900,9900,0.72,3.48
Tickets,bulls tickets,USD,12100,27100,22200,22200,18100,12100,22200,12100,1300,1000,2400,6600,9900,0.6,1.57
Tickets,cleveland browns tickets,USD,5400,9900,5400,1900,320,260,480,1300,4400,2400,5400,12100,14800,0.8,6.64
Tickets,dallas stars tickets,USD,5400,8100,8100,9900,8100,4400,8100,9900,390,720,1300,2400,5400,0.77,2.46
Tickets,arizona cardinals tickets,USD,5400,6600,6600,6600,590,590,720,2400,2400,2900,6600,12100,14800,0.78,8.37
Tickets,new york giants tickets,USD,2900,5400,5400,2900,1000,720,720,1600,1600,1600,2900,5400,8100,0.8,6.5
Tickets,chelsea tickets,USD,22200,22200,22200,27100,27100,22200,27100,22200,4400,3600,14800,27100,33100,0.8,1.37
Tickets,atlanta falcons tickets,USD,5400,8100,6600,6600,880,720,1000,2400,3600,2900,5400,14800,18100,0.83,5.66
Tickets,harlem globetrotters tickets,USD,4400,1000,1900,8100,18100,12100,4400,1600,590,480,390,260,480,0.71,1.44
Tickets,baltimore ravens tickets,USD,2900,4400,3600,2900,390,390,480,1300,1300,1600,3600,6600,8100,0.87,9.95
Tickets,music tickets online,USD,40,70,90,50,40,10,10,20,20,20,40,50,70,0.55,1.31
Tickets,x games tickets,USD,1300,320,320,320,2400,880,720,1300,2400,5400,320,210,170,0.12,1.38
Tickets,canucks tickets,USD,4400,8100,9900,9900,6600,2900,5400,1900,210,480,1000,1600,8100,0.81,2.43
Tickets,mlb ticket exchange,USD,1600,1300,70,170,260,590,1600,2900,1900,1900,2400,1900,2900,0.39,3.33
Tickets,nationals tickets,USD,14800,480,720,1300,1300,3600,8100,33100,22200,22200,27100,27100,22200,0.73,3.34
Tickets,manchester city tickets,USD,5400,3600,4400,8100,12100,8100,4400,3600,2900,1000,2400,5400,6600,0.69,1.23
Tickets,kansas city royals tickets,USD,4400,210,320,720,590,1900,4400,6600,6600,9900,6600,9900,8100,0.8,3.96
Tickets,vancouver canucks tickets,USD,2900,5400,4400,5400,3600,1900,2900,1000,260,480,1000,1600,4400,0.82,2.33
Tickets,new york jets tickets,USD,1900,4400,2400,1300,480,390,390,1300,1300,1300,2400,4400,6600,0.8,9.17
Tickets,orioles tickets,USD,22200,720,1000,2900,2400,5400,18100,33100,33100,40500,40500,49500,49500,0.72,2.97
Tickets,sounders tickets,USD,4400,5400,2400,880,880,1900,6600,4400,8100,4400,9900,6600,5400,0.5,3.17
Tickets,texans tickets,USD,5400,9900,12100,6600,720,480,480,1300,1900,1600,4400,9900,18100,0.78,6.72
Tickets,chicago blackhawks tickets,USD,8100,12100,12100,18100,12100,5400,9900,8100,9900,1900,2400,5400,8100,0.83,4.65
Tickets,new england patriots tickets,USD,4400,6600,4400,3600,2400,480,720,1900,1900,2400,6600,8100,8100,0.82,4.09
Tickets,nashville predators tickets,USD,3600,5400,5400,6600,5400,3600,4400,1300,320,590,1000,1300,2900,0.73,3.9
Tickets,sale tickets,USD,260,210,260,320,260,210,260,260,260,260,320,320,260,0.63,1.45
Tickets,utah jazz tickets,USD,3600,4400,6600,8100,6600,5400,4400,1900,390,320,590,1300,1300,0.77,2.22
Tickets,nation tickets,USD,390,260,390,390,320,390,590,480,320,320,390,320,210,0.37,0.82
Tickets,indianapolis colts tickets,USD,2400,3600,1900,2900,2900,260,260,880,880,880,2400,4400,5400,0.79,6.71
Tickets,minnesota vikings tickets,USD,2400,5400,2900,3600,390,260,260,1000,1000,1000,2900,5400,5400,0.78,7.02
Tickets,colts tickets,USD,8100,14800,9900,14800,14800,590,720,1600,1900,1600,6600,12100,22200,0.79,6.34
Tickets,braves tickets,USD,22200,12100,1000,1900,1600,3600,8100,49500,49500,40500,40500,33100,12100,0.73,2.5
Tickets,tampa bay lightning tickets,USD,6600,12100,9900,12100,8100,6600,9900,12100,590,1000,1600,1900,5400,0.71,2.86
Tickets,white sox tickets,USD,9900,480,390,880,1000,2900,8100,18100,22200,18100,18100,14800,12100,0.69,1.85
Tickets,ravens tickets,USD,5400,8100,9900,8100,480,390,480,1300,1600,1900,5400,12100,18100,0.84,6.16
Tickets,patriots tickets,USD,12100,22200,18100,14800,9900,880,1300,4400,3600,3600,9900,18100,27100,0.72,4.23
Tickets,jamiroquai tickets,USD,50,70,90,90,70,30,40,30,50,40,40,30,50,0.12,2.39
Tickets,mavericks tickets,USD,3600,1900,5400,5400,6600,6600,9900,8100,1000,320,590,880,880,0.72,2.81
Tickets,astros tickets,USD,9900,590,390,590,720,1900,8100,22200,14800,22200,18100,14800,6600,0.75,2.54
Tickets,tiger tickets,USD,3600,2900,260,390,390,720,2900,6600,6600,5400,5400,4400,4400,0.78,2.28
Tickets,rockies tickets,USD,14800,390,390,1000,1300,2400,8100,33100,33100,40500,33100,18100,8100,0.72,2.12
Tickets,vikings tickets,USD,5400,12100,8100,9900,590,390,320,1300,1600,1300,4400,9900,14800,0.79,8.84
Tickets,toronto fc tickets,USD,2900,480,260,390,2400,2400,6600,4400,4400,3600,6600,3600,1900,0.61,1.45
Tickets,tickets arsenal,USD,1300,1600,1600,1600,1900,1600,880,720,170,320,880,1600,1600,0.89,1.24
Tickets,world cup tickets,USD,33100,22200,27100,33100,22200,18100,27100,27100,40500,135000,27100,1000,9900,0.14,0.52
Tickets,bills tickets,USD,2400,4400,2900,1600,140,140,320,880,720,1000,1600,5400,12100,0.83,5.88
Tickets,boston bruins tickets,USD,12100,18100,22200,18100,12100,9900,12100,14800,8100,1300,2900,6600,12100,0.87,3.41
Tickets,indians tickets,USD,8100,2900,480,880,1000,1600,4400,12100,14800,18100,18100,14800,8100,0.66,1.79
Tickets,cowboy tickets,USD,1600,3600,2400,2400,110,90,110,480,880,720,1300,3600,4400,0.83,2.84
Tickets,toronto maple leafs tickets,USD,9900,18100,14800,18100,14800,8100,9900,2400,880,1600,2400,3600,9900,0.86,2.01
Tickets,maple leaf tickets,USD,2900,4400,3600,4400,3600,2900,2900,1900,1900,1900,1900,2400,3600,0.74,2.35
Tickets,saints tickets,USD,8100,14800,14800,12100,1900,1000,1300,2400,2900,2400,5400,14800,18100,0.73,9.77
Tickets,suns tickets,USD,2900,1600,3600,5400,5400,8100,6600,2900,590,880,720,1000,880,0.69,2.55
Tickets,steeler tickets,USD,1600,1900,1900,1900,170,90,140,590,880,720,1600,3600,4400,0.84,4.41
Tickets,world cup final tickets,USD,2900,880,880,880,880,720,1300,1600,2900,14800,14800,140,170,0.26,0.92
Tickets,panthers tickets,USD,9900,9900,18100,18100,14800,1900,2400,2900,2400,2400,5400,14800,22200,0.66,1.78
Tickets,blackhawk tickets,USD,2400,3600,2900,5400,2400,1300,1900,1900,3600,480,480,1000,1900,0.86,5.07
Tickets,maple leafs tickets,USD,2400,5400,4400,4400,3600,2400,2400,720,260,390,590,1300,3600,0.82,2.21
Tickets,raider tickets,USD,1900,5400,2900,2900,210,170,210,720,1300,880,1600,3600,4400,0.87,3.47
Tickets,lsu tickets,USD,1900,2400,1600,590,390,480,590,590,720,720,1900,4400,9900,0.83,1.86
Tickets,rockets tickets,USD,9900,9900,18100,18100,14800,12100,18100,14800,1600,720,1000,1000,1300,0.71,3.25
Tickets,seattle sounders tickets,USD,2900,2900,1300,720,880,1600,3600,2900,4400,2900,8100,4400,2900,0.53,2.2
Tickets,sf giants tickets,USD,18100,880,1900,4400,2900,5400,12100,33100,33100,40500,33100,22200,18100,0.76,3.17
Tickets,royals tickets,USD,12100,480,590,1000,880,2400,5400,14800,18100,33100,18100,33100,33100,0.72,2.8
Tickets,charger tickets,USD,2900,4400,3600,5400,590,170,210,1300,1300,1300,1900,5400,8100,0.89,7
Tickets,chiefs tickets,USD,8100,33100,12100,5400,1000,1000,1300,3600,2900,1600,3600,12100,14800,0.84,5.92
Tickets,colorado rockies tickets,USD,8100,320,390,1300,1300,2900,8100,18100,18100,22200,18100,9900,4400,0.71,3
Tickets,tennessee titans tickets,USD,2400,4400,1900,1600,390,260,320,1900,1600,1600,2900,5400,5400,0.8,4.78
Tickets,celtic tickets,USD,3600,3600,4400,4400,2900,2400,2400,1900,1600,1000,4400,6600,4400,0.24,2.28
Tickets,toronto blue jays tickets,USD,9900,880,880,1300,1900,2400,6600,14800,18100,22200,18100,22200,6600,0.78,2.92
Tickets,49er tickets,USD,4400,8100,8100,8100,1600,480,480,1900,2400,1900,4400,9900,9900,0.8,6.77
Tickets,milwaukee brewers tickets,USD,5400,170,390,880,880,1900,4400,12100,9900,9900,9900,8100,3600,0.79,2.51
Tickets,dolphins tickets,USD,2400,4400,3600,6600,320,210,260,720,590,720,1300,4400,6600,0.79,6.86
Tickets,twins tickets,USD,9900,480,480,1000,880,1900,5400,18100,18100,27100,27100,14800,8100,0.75,1.72
Tickets,ranger tickets,USD,3600,1600,2900,3600,2900,1900,3600,6600,6600,5400,2900,1600,1900,0.69,2.06
Tickets,calgary flames tickets,USD,3600,8100,6600,6600,4400,2400,4400,1300,260,480,720,1600,4400,0.82,3.81
Tickets,liverpool tickets,USD,18100,12100,14800,14800,18100,14800,22200,27100,4400,6600,12100,22200,27100,0.89,0.97
Tickets,discount basketball tickets,USD,40,50,110,90,70,40,50,30,10,10,10,10,20,0.75,1.81
Tickets,leafs tickets,USD,4400,9900,8100,8100,6600,2900,4400,880,210,390,880,1600,5400,0.77,1.01
Tickets,texas ranger tickets,USD,1900,140,170,320,480,880,2900,5400,3600,3600,3600,1600,1000,0.73,1.83
Tickets,arizona diamondbacks tickets,USD,2400,170,140,320,320,720,2400,4400,4400,5400,4400,3600,2400,0.64,2.2
Tickets,mavs tickets,USD,2900,1600,4400,4400,4400,4400,5400,8100,1300,260,590,880,720,0.65,3.35
Tickets,wizards tickets,USD,8100,3600,8100,9900,12100,9900,9900,22200,14800,720,1600,2400,1600,0.71,3.11
Tickets,chicago white sox tickets,USD,4400,260,260,590,720,1600,3600,8100,9900,8100,9900,8100,5400,0.75,2.38
Tickets,bcs national championship tickets,USD,1900,1000,2900,18100,1900,140,90,70,50,40,70,70,110,0.35,1.31
Tickets,dallas cowboy tickets,USD,3600,8100,4400,4400,320,260,320,1600,2900,2400,3600,6600,8100,0.88,4.06
Tickets,boston tickets,USD,1900,1900,1900,1900,1300,1300,2400,1900,1900,2400,1900,1600,1300,0.76,1.86
Tickets,sec championship tickets,USD,2900,1300,9900,22200,170,140,880,30,70,50,110,210,390,0.49,1.23
Tickets,san jose sharks tickets,USD,4400,8100,6600,6600,6600,3600,5400,6600,390,590,1000,1900,3600,0.7,3.48
Tickets,heat tickets,USD,6600,5400,8100,9900,8100,5400,8100,8100,12100,6600,720,1300,880,0.67,2.25
Tickets,falcons tickets,USD,3600,8100,5400,5400,590,480,480,1000,1300,880,2400,8100,14800,0.73,7.88
Tickets,ny knicks tickets,USD,2900,4400,5400,6600,6600,3600,3600,1600,480,390,720,1900,2900,0.81,3.85
Keywords like: Angel Stadium,angel stadium,USD,12100,4400,4400,5400,14800,8100,12100,18100,22200,18100,18100,22200,14800,0.08,1.16
Keywords like: Angel Stadium,anaheim stadium,USD,4400,1600,1600,2900,9900,3600,3600,3600,4400,3600,4400,5400,3600,0.09,0.82